ID	NAME	POLICY	STATUS
1	Exponential Interactive, Inc d/b/a VDX.tv	https://vdx.tv/privacy/	200
2	Captify Technologies Limited	https://www.captifytechnologies.com/privacy-notice/	200
4	Roq.ad Inc.	https://www.roq.ad/privacy-policy	200
6	AdSpirit GmbH	https://www.adspirit.de/privacy	200
7	Vibrant Media Limited	https://www.vibrantmedia.com/en/privacy-policy/	200
8	Emerse Sverige AB	https://www.emerse.com/privacy-policy/	200
9	AdMaxim Inc.	http://www.admaxim.com/admaxim-privacy-policy/	200
10	Index Exchange, Inc.	https://www.indexexchange.com/privacy	200
11	Quantcast International Limited	https://www.quantcast.com/privacy/	200
12	BeeswaxIO Corporation	https://www.beeswax.com/privacy/	200
13	Sovrn Holdings Inc	https://www.sovrn.com/sovrn-privacy/	200
14	Adkernel LLC	https://adkernel.com/privacy-policy/	200
15	Adikteev	https://www.adikteev.com/privacy	200
16	RTB House S.A.	https://www.rtbhouse.com/privacy-center/services-privacy-policy/	200
18	Widespace AB	https://www.widespace.com/legal/privacy-policy-notice/	200
20	N Technologies Inc.	https://n.rich/privacy-notice	200
21	The Trade Desk	https://www.thetradedesk.com/general/privacy-policy	200
22	admetrics GmbH	https://admetrics.io/en/privacy_policy/	error
23	Amobee Inc.	https://www.amobee.com/trust/gdpr/	200
24	Epsilon	https://www.epsilon.com/emea/privacy-policy	200
25	Yahoo EMEA Limited	https://legal.yahoo.com/ie/en/yahoo/privacy/index.html	200
26	Venatus Media Limited	https://www.venatusmedia.com/privacy/	200
27	ADventori SAS	https://www.adventori.com/with-us/legal-notice/	200
28	TripleLift, Inc.	https://triplelift.com/privacy/	200
29	ETARGET SE	https://sk.search.etargetnet.com/policy.html	200
30	BidTheatre AB	https://www.bidtheatre.com/privacy-policy	200
31	Ogury Ltd.	https://www.ogury.com/privacy-policy/	200
32	Xandr, Inc.	https://www.xandr.com/privacy/platform-privacy-policy/	200
33	ShareThis, Inc	https://sharethis.com/privacy/	200
34	NEORY GmbH	https://www.neory.com/privacy.html	200
36	Unruly Group LLC	https://unruly.co/legal/privacy/	200
37	NEURAL.ONE	https://web.neural.one/privacy-policy/	200
39	ADITION technologies GmbH	https://www.adition.com/en/privacy-platform	200
40	Active Agent (ADITION technologies GmbH)	https://www.adition.com/en/privacy-platform	200
41	Adverline	https://www.adverline.com/privacy/	200
42	Taboola Europe Limited	https://www.taboola.com/privacy-policy	200
44	The ADEX GmbH	https://theadex.com/privacy-opt-out/	200
45	Smart Adserver	https://smartadserver.com/end-user-privacy-policy/	200
46	Skimbit Ltd	https://skimlinks.com/pages/privacy-policy	200
47	ADMAN - Phaistos Networks, S.A.	https://www.adman.gr/privacy	200
48	NetSuccess, s.r.o.	https://www.inres.sk/pp/	200
49	Jellyfish France	https://www.jellyfish.com/fr-fr/privacy-policy	200
50	Adform	https://site.adform.com/privacy-center/platform-privacy/product-and-services-privacy-policy/	200
51	xAd, Inc. dba GroundTruth	https://www.groundtruth.com/privacy-policy/	200
52	Magnite, Inc.	https://www.magnite.com/legal/advertising-technology-privacy-policy/	200
53	Sirdata	https://www.sirdata.com/en/Privacy	200
56	Confiant Inc.	https://www.confiant.com/privacy	200
57	ADARA MEDIA UNLIMITED	https://adara.com/privacy-promise/	403
58	33Across	https://www.33across.com/privacy-policy	200
59	Sift Media, Inc	https://www.sift.co/privacy	200
60	Rakuten Marketing LLC	https://rakutenadvertising.com/legal-notices/services-privacy-policy/	200
61	GumGum, Inc.	https://gumgum.com/privacy-policy	200
62	Justpremium BV	https://justpremium.com/privacy-policy/	200
63	Avocet Systems Limited	https://avocet.io/privacy-portal	200
65	Location Sciences AI Ltd.	https://www.locationsciencesgroup.ai/privacy-policy/	200
66	adsquare GmbH	https://www.adsquare.com/privacy	200
67	LifeStreet Corporation	https://lifestreet.com/privacy/	200
68	Sizmek by Amazon	https://www.sizmek.com/privacy-policy/	200
69	OpenX	https://www.openx.com/legal/privacy-policy/	200
70	Yieldlab AG	https://www.yieldlab.de/meta-navigation/datenschutz/	200
71	Roku Advertising Services	https://docs.roku.com/published/userprivacypolicy/en/us	200
72	Nano Interactive GmbH	https://www.nanointeractive.com/privacy-statement/	200
73	Simplifi Holdings Inc	https://simpli.fi/site-privacy-policy/	200
75	M32 Connect Inc	https://m32.media/privacy-cookie-policy/	200
76	PubMatic, Inc.	https://pubmatic.com/privacy-policy/	200
77	Comscore B.V.	https://www.scorecardresearch.com/privacy.aspx?newlanguage=1	200
78	Flashtalking, Inc.	https://www.flashtalking.com/privacypolicy/	200
79	MediaMath, Inc.	https://www.mediamath.com/privacy-policy/	200
80	Sharethrough, Inc	https://platform-cdn.sharethrough.com/privacy-policy	200
81	PulsePoint, Inc.	https://www.pulsepoint.com/privacy-policy/website	404
82	Smaato, Inc.	https://www.smaato.com/privacy/	200
83	Visarity Technologies GmbH	https://primo.design/docs/PrivacyPolicyPrimo.html	200
84	Semasio GmbH	https://www.semasio.com/privacy-policy/	200
85	Crimtan Holdings Limited	https://crimtan.com/privacy/	200
86	Scene Stealer Limited	https://scenestealer.tv/privacy-policy/	301
87	Betgenius Ltd	https://www.geniussports.com/privacy-policy	200
88	TreSensa Technologies, Inc.	https://www.tresensa.com/eu-privacy	200
89	Tapad, Inc.	https://www.tapad.com/eu-privacy-policy	200
90	Teroa S.A.	https://www.e-planning.net/en/privacy.html	200
91	Criteo SA	https://www.criteo.com/privacy/	200
92	1plusX AG	https://www.1plusx.com/privacy-policy/	200
93	Adloox SA	https://adloox.com/disclaimer	200
94	Blis Media Limited	https://www.blis.com/privacy/	200
95	Lotame Solutions, inc	https://www.lotame.com/about-lotame/privacy/lotame-corporate-websites-privacy-policy/	200
97	LiveRamp, Inc.	https://liveramp.fr/iab-transparency-consent-framework/	200
98	GroupM UK Limited	https://www.groupm.com/privacy-notice	200
100	Fifty Technology Limited	https://fifty.io/privacy-policy.php	200
101	MiQ	https://wearemiq.com/privacy-policy/	200
102	Magnite, Inc. (Outstream)	https://www.magnite.com/legal/advertising-technology-privacy-policy/	200
104	Sonobi, Inc	https://sonobi.com/privacy-policy/	200
108	Rich Audience Technologies SL	https://richaudience.com/privacy/	200
109	LoopMe Limited	https://loopme.com/privacy-policy/	200
110	Dynata LLC	https://www.opinionoutpost.co.uk/en-gb/policies/privacy	200
111	Showheroes SE	https://showheroes.com/privacy/	200
114	Sublime	https://ayads.co/privacy.php	200
115	smartclip Europe GmbH	https://privacy-portal.smartclip.net/	200
119	Fusio by S4M	https://www.s4m.io/privacy-policy/	200
120	Eyeota Pte Ltd	https://www.eyeota.com/privacy-center	200
122	Dentsu London Limited	https://privacy.metadsp.co.uk/privacy-policy.html	200
124	Teemo SA	https://teemo.co/privacy-policy/	200
126	DoubleVerify Inc.​	https://doubleverify.com/privacy-notice/	200
127	PIXIMEDIA SAS	https://piximedia.com/privacy/	200
128	BIDSWITCH GmbH	https://www.bidswitch.com/privacy-policy/	200
129	IPONWEB GmbH	https://www.iponweb.com/privacy-policy/	200
130	NextRoll, Inc.	https://www.nextroll.com/privacy	200
131	ID5 Technology Ltd	https://id5.io/privacy	200
132	Teads	https://www.teads.com/privacy-policy/	200
133	digitalAudience	https://digitalaudience.io/legal/	200
134	SMARTSTREAM.TV GmbH	https://www.smartstream.tv/en/productprivacy	200
136	Ströer SSP GmbH (SSP)	https://www.stroeer.de/ssp-datenschutz	200
137	Ströer SSP GmbH (DSP)	https://www.stroeer.de/ssp-datenschutz	200
138	ConnectAd Realtime GmbH	https://connectadrealtime.com/privacy/	200
139	Permodo GmbH	https://permodo.com/de/privacy.html	200
140	Platform161 B.V.	https://platform161.com/cookie-and-privacy-policy/	200
141	1020, Inc. dba Placecast and Ericsson Emodo	https://www.emodoinc.com/privacy-policy/	200
142	Media.net Advertising FZ-LLC	https://www.media.net/privacy-policy/	200
143	Connatix Native Exchange Inc.	https://connatix.com/privacy-policy/	200
144	district m inc.	https://districtm.net/en/page/platforms-data-and-privacy-policy/	500
145	Snapsort Inc., operating as Sortable	https://help.sortable.com/help/privacy-policy	200
147	Adacado Technologies Inc. (DBA Adacado)	https://adacado.com/privacy-policy/	200
148	Liveintent Inc.	https://liveintent.com/services-privacy-policy/	200
149	ADman Interactive SLU	https://admanmedia.com/politica.html?setLng=es	200
150	Inskin Media LTD	https://www.inskinmedia.com/privacy-policy.html	200
151	Admedo Technology Ltd	https://www.admedo.com/privacy-policy	200
152	Meetrics GmbH	https://www.meetrics.com/en/data-privacy/	200
153	MADVERTISE MEDIA	https://madvertise.com/en/gdpr/	200
154	YOC AG	https://yoc.com/privacy/	200
155	AntVoice	https://www.antvoice.com/en/privacypolicy/	200
157	Seedtag Advertising S.L	https://www.seedtag.com/en/privacy-policy/	200
158	Reveal Mobile Inc	https://revealmobile.com/privacy/	200
159	Underdog Media LLC	https://underdogmedia.com/privacy-policy/	200
160	Audience Solutions S.A.	https://audience-solutions.com/privacy.html	200
161	Smadex SLU	https://smadex.com/end-user-privacy-policy/	200
162	Unruly Group Ltd	https://unruly.co/privacy/	200
163	Bombora Inc.	https://bombora.com/privacy	200
164	Outbrain UK Ltd	https://www.outbrain.com/privacy	200
165	SpotX, Inc	https://www.spotx.tv/privacy-policy/	200
167	Audiens S.r.l.	https://www.audiens.com/privacy	200
168	EASYmedia GmbH	https://login.rtbmarket.com/gdpr	200
170	Goodway Group, Inc.	https://goodwaygroup.com/privacy-policy/	200
173	Yieldmo, Inc.	https://www.yieldmo.com/privacy/	200
174	A Million Ads Ltd	https://www.amillionads.com/privacy-policy	200
177	plista GmbH	https://www.plista.com/about/privacy/	200
178	Hybrid Theory	https://hybridtheory.com/privacy-notice/	200
179	Collective Europe Ltd.	https://www.collectiveuk.com/privacy.html	error
183	EMX Digital LLC	https://emxdigital.com/privacy/	200
184	mediarithmics SAS	https://www.mediarithmics.com/en-us/content/privacy-policy	200
185	Bidtellect, Inc	https://www.bidtellect.com/privacy-policy/	200
190	video intelligence AG	https://www.vi.ai/privacy-policy/	200
192	remerge GmbH	https://remerge.io/privacy-policy.html	200
193	Mediasmart Mobile S.L.	https://mediasmart.io/privacy/	200
194	Rezonence Limited	https://rezonence.com/privacy-policy/	200
195	advanced store GmbH	https://www.advanced-store.com/de/datenschutz/	200
196	AdElement Media Solutions Pvt Ltd	http://adelement.com/privacy-policy.html	200
198	SYNC	https://www.sync.tv/privacy.html	200
199	ADUX	https://www.adux.com/donnees-personnelles/	200
200	Tapjoy, Inc.	https://www.tapjoy.com/legal/#privacy-policy	200
202	Magnite CTV, Inc.	https://www.magnite.com/legal/advertising-technology-privacy-policy/	200
203	Revcontent, LLC	https://help.revcontent.com/en/knowledge/revcontent-privacy-policy	200
205	Adssets AB	https://adssets.com/policy/	200
206	Hybrid Adtech GmbH	https://hybrid.ai/data_protection_policy	200
208	Spotad	https://spotad.co/privacy-policy-2/	200
209	Delta Projects AB	https://deltaprojects.com/data-collection-policy	200
210	Zemanta, Inc.	https://www.zemanta.com/privacy	200
211	AdTheorent, Inc	https://adtheorent.com/privacy-policy	200
212	usemax advertisement (Emego GmbH)	https://www.usemax.de/?l=privacy	200
213	emetriq GmbH	https://www.emetriq.com/datenschutz/	200
215	ARMIS SAS	https://armis.tech/en/armis-personal-data-privacy-policy/	200
216	Mindlytix SAS	https://mindlytix.com/privacy/	200
217	2KDirect, Inc. (dba iPromote)	https://www.ipromote.com/privacy-policy/	200
218	Bigabid Media ltd	https://www.bigabid.com/Legal/	200
223	Audience Trading Platform Ltd.	https://atp.io/privacy-policy	error
224	adrule mobile GmbH	https://www.adrule.net/de/datenschutz/	200
226	Publicis Media GmbH	https://www.publicismedia.de/datenschutz/	200
227	Opt Out Advertising B.V.	https://optoutadvertising.com/privacy-policy/	200
228	McCann Discipline LTD	https://www.primis.tech/privacy-policy/	200
230	MNTN	https://mountain.com/privacy-policy/#ref-sh	200
231	AcuityAds Inc.	https://privacy.acuityads.com/corporate-privacy-policy.html	200
232	Rockerbox, Inc	https://www.rockerbox.com/privacy	200
234	ZBO Media	https://zbo.media/mentions-legales/politique-de-confidentialite-service-publicitaire/	200
235	Bucksense Inc	https://www.bucksense.com/platform-privacy-policy/	200
236	PowerLinks Media Limited	https://www.powerlinks.com/privacy-policy/	200
237	VGI CTV, Inc	https://verve.com/privacy-policy/index.html	200
238	StackAdapt	https://www.stackadapt.com/privacy	200
239	Triton Digital Canada Inc.	https://www.tritondigital.com/privacy-policies	200
240	7Hops.com Inc. (ZergNet)	https://zergnet.com/privacy	200
241	OneTag Limited	https://www.onetag.com/privacy/	200
242	twiago GmbH	https://www.twiago.com/datenschutz/	200
243	Cloud Technologies S.A.	https://www.cloudtechnologies.pl/en/internet-advertising-privacy-policy	200
244	Ermes	https://www.ermes.ai/politique-de-confidentialite/	200
246	Smartology Limited	https://www.smartology.net/privacy-policy/	200
248	Converge-Digital	https://converge-digital.com/privacy-policy/	200
249	Spolecznosci Sp. z o.o. Sp. k.	https://www.spolecznosci.pl/polityka-prywatnosci	200
250	Qriously Ltd	https://www.brandwatch.com/legal/qriously-privacy-notice/	404
251	Yieldlove GmbH	https://www.yieldlove.com/cookie-policy	200
252	Jaduda GmbH	https://www.jadudamobile.com/datenschutzerklaerung/	200
253	Improve Digital	https://www.improvedigital.com/platform-privacy-policy	200
254	LiquidM Technology GmbH	https://liquidm.com/privacy-policy/	200
255	Onnetwork Sp. z o.o.	https://www.onnetwork.tv/pp_services.php	200
256	Wunderkind Corporation	https://www.wunderkind.co/privacy/	200
259	ADYOULIKE SA	https://www.adyoulike.com/pages/privacy	200
261	Signal Digital Inc.	https://www.signal.co/privacy-policy/	200
262	Fyber	https://www.fyber.com/legal/privacy-policy/	200
263	Nativo, Inc.	https://www.nativo.com/interest-based-ads	200
264	Adobe Advertising Cloud	https://www.adobe.com/privacy/experience-cloud.html	200
265	Instinctive, Inc.	https://instinctive.io/privacy	404
266	Rebold Marketing & Communication SLU	https://letsrebold.com/es/privacy-policy/	200
270	Marfeel Solutions, SL	https://www.marfeel.com/privacy-policy/	200
272	A.Mob	https://www.we-are-adot.com/privacy-policy/	200
273	Bannerflow AB	https://www.bannerflow.com/privacy	200
274	Golden Bees	https://www.goldenbees.fr/en/privacy-charter/	200
275	TabMo SAS	https://static.tabmo.io.s3.amazonaws.com/privacy-policy/index.html	error
276	ShowHeroes SRL	https://www.iubenda.com/privacy-policy/41798584	200
277	CentralNic Poland sp. z o.o.	https://voluumdsp.com/end-user-privacy-policy/	200
278	Integral Ad Science, Inc.	https://integralads.com/privacy-policy/	200
279	Mirando GmbH & Co KG	https://www.mirando.de/datenschutz/	200
280	OpenWeb LTD	https://www.openweb.com/legal-and-privacy/privacy/	200
281	Wizaly	https://www.wizaly.com/terms-of-use#privacy-policy	200
282	Welect GmbH	https://www.welect.de/datenschutz	200
284	Weborama	https://weborama.com/respect-de-la-vie-privee-2-2/	200
285	Comcast International France SAS	https://www.freewheel.com/privacy-policy	200
289	mobalo GmbH	https://www.mobalo.com/en/privacy/	200
290	Readpeak Oy	https://readpeak.com/privacy-policy/	200
293	SpringServe, LLC	https://springserve.com/privacy-policy/	200
294	Jivox Corporation	https://www.jivox.com/privacy	200
295	Sojern, Inc.	https://www.sojern.com/privacy/privacy-policy/	200
297	Polar Mobile Group Inc.	https://privacy.polar.me	200
298	Cuebiq	https://privacy.cuebiq.com	error
299	AdClear GmbH	https://www.adclear.de/datenschutzerklaerung/	200
301	zeotap GmbH	https://zeotap.com/privacy_policy	200
302	Mobile Professionals BV	https://mobpro.com/privacy.html	200
303	Orion Semantics	https://static.orion-semantics.com/privacy.html	200
304	On Device Research Limited	https://s.on-device.com/privacyPolicy	200
308	Rockabox Media Ltd t/a Scoota	https://www.scoota.com/privacy	200
310	Adevinta Spain S.L.U.	https://www.adevinta.com/about/privacy/	200
311	Mobfox US LLC	https://www.mobfox.com/privacy-policy/	200
312	Exactag GmbH	https://www.exactag.com/en/data-privacy/	200
314	Keymantics	https://www.kmtx.com/privacy/	200
315	Celtra, Inc.	https://www.celtra.com/privacy-policy/	200
316	Gamned	https://www.gamned.com/privacy-policy/	200
317	mainADV Srl	https://www.mainad.com/privacy-policy/	403
318	Accorp Sp. z o.o.	https://www.instytut-pollster.pl/privacy-policy/	error
319	Clipcentric, Inc.	https://clipcentric.com/privacy.bhtml	200
321	Ziff Davis LLC	https://www.ziffdavis.com/privacy-policy	200
323	Footballco Media Limited	https://www.goal.com/en-gb/legal/privacy-policy	200
325	Knorex	https://www.knorex.com/privacy	200
328	Gemius SA	https://www.gemius.com/cookie-policy.html	200
329	Browsi	https://gobrowsi.com/privacy-policy/	200
331	ad6media	https://www.ad6media.fr/privacy	200
333	InMobi Pte Ltd	https://www.inmobi.com/privacy-policy-for-eea	200
334	Cydersoft	https://www.videmob.com/privacy.html	200
335	Beachfront Media LLC	https://beachfront.com/privacy-policy/	200
336	Telecoming S.A.	https://www.telecoming.com/privacy-policy/	200
337	SheMedia, LLC	https://www.shemedia.com/ad-services-privacy-policy	200
343	DIGITEKA Technologies	https://www.ultimedia.com/POLICY.html	200
345	The Kantar Group Limited	https://www.kantar.com/cookies-policies	200
347	Ezoic Inc.	https://www.ezoic.com/terms/	200
349	Optomaton UG	https://www.optomaton.com/privacy.html	error
350	Samba TV Inc.	https://samba.tv/legal/privacy-policy/	200
351	Samba TV UK Limited	https://samba.tv/legal/privacy-policy/	200
354	Apester Ltd	https://apester.com/privacy-policy/	200
358	MGID Inc.	https://www.mgid.com/privacy-policy	200
359	AerServ LLC	https://www.inmobi.com/privacy-policy-for-eea	200
360	Permutive Technologies, Inc.	https://permutive.com/privacy/	200
361	Permutive Limited	https://permutive.com/privacy/	200
365	Impact Tech Inc.	https://impact.com/privacy-policy/	200
368	VECTAURY	https://vectaury.io/privacy/	200
371	Seeding Alliance GmbH	https://seeding-alliance.de/datenschutz/	200
373	Nielsen Marketing Cloud	https://www.nielsen.com/us/en/legal/privacy-statement/nielsen-marketing-cloud-privacy-notice/	200
374	Bmind a Sales Maker Company, S.L.	https://www.bmind.es/legal-notice/	200
375	RevX	https://revx.io/privacy-policy	200
377	AddApptr GmbH	https://www.addapptr.com/data-privacy	200
378	communicationAds GmbH &amp; Co. KG	https://www.communicationads.net/aboutus/privacy/	200
380	Vidoomy Media SL	https://vidoomy.com/privacy-policy.html	200
381	Solocal	https://frontend.adhslx.com/privacy.html?	200
382	The Reach Group GmbH	https://trg.de/en/privacy-statement/	200
384	Pixalate, Inc.	https://pixalate.com/privacypolicy/	200
385	Oracle Data Cloud	https://www.oracle.com/legal/privacy/marketing-cloud-data-cloud-privacy-policy.html	200
387	Triapodi Ltd.	https://appreciate.mobi/page.html#/end-user-privacy-policy	200
388	numberly	https://numberly.com/en/privacy/	200
394	AudienceProject Aps	https://privacy.audienceproject.com	200
397	Demandbase, Inc.	https://www.demandbase.com/privacy-policy/	200
402	Effiliation / Effinity	https://inter.effiliation.com/politique-confidentialite.html	200
408	Fidelity Media	https://fidelity-media.com/privacy-policy/	error
409	Arrivalist Co	https://www.arrivalist.com/privacy/	200
410	Adtelligent Inc.	https://adtelligent.com/privacy-policy/	200
412	Piano Software Inc	https://www.cxense.com/about-us/privacy-policy	200
413	Eulerian Technologies	https://www.eulerian.com/en/privacy/	200
415	Seenthis AB	https://seenthis.co/privacy-notice-2018-04-18.pdf	200
416	Commanders Act	https://www.commandersact.com/en/privacy/	200
418	PROXISTORE	https://www.proxistore.com/common/en/cgv	200
422	Brand Metrics Sweden AB	https://collector.brandmetrics.com/brandmetrics_privacypolicy.pdf	200
423	travel audience GmbH	https://travelaudience.com/product-privacy-policy/	200
424	KUPONA GmbH	https://www.kupona.de/dsgvo/	200
427	Proxi.cloud sp. z.o.o	https://proxi.cloud/privacy-policy/	200
428	Internet BillBoard a.s.	https://www.ibillboard.com/en/privacy-information/	200
429	Next Media	https://next14.com/media/privacy	200
431	HUMAN	https://www.whiteops.com/privacy	200
434	DynAdmic	https://eu.dynadmic.com/privacy-policy/	200
435	SINGLESPOT SAS	https://www.singlespot.com/privacy_policy?locale=fr	200
436	INVIBES GROUP	https://www.invibes.com/terms	200
438	INVIDI technologies AB	https://www.invidi.com/wp-content/uploads/2020/02/ad-tech-services-privacy-policy.pdf	200
439	Bit Q Holdings Limited	https://www.rippll.com/privacy	200
440	DEFINE MEDIA GMBH	https://www.definemedia.de/datenschutz-conative/	200
444	Playbuzz Ltd (aka EX.CO)	https://ex.co/privacy-policy/	200
447	Adludio Ltd.	https://www.adludio.com/termsandconditions#privacy	404
448	Targetspot Belgium SPRL	https://marketing.targetspot.com/Targetspot/Legal/TargetSpot%20Privacy%20Policy%20-%20June%202018.pdf	error
450	Neodata Group srl	https://www.neodatagroup.com/privacy-policy/	200
452	Innovid Inc.	https://www.innovid.com/privacy-policy	200
455	GDMServices, Inc. d/b/a FiksuDSP	https://fiksu.com/privacy-policy/	200
458	AdColony, Inc.	https://www.adcolony.com/privacy-policy/	200
459	uppr GmbH	https://netzwerk.uppr.de/privacy-policy.do	200
461	B2B Media Group GmbH	https://www.b2bmg.com/en/data-privacy/	200
462	Bidstack Limited	https://www.bidstack.com/privacy-policy/	200
466	TACTIC™ Real-Time Marketing AS	https://tacticrealtime.com/privacy/	200
467	Haensel AMS GmbH	https://haensel-ams.com/data-privacy/	404
468	NeuStar, Inc.	https://www.home.neustar/privacy	200
469	Zeta Global	https://zetaglobal.com/privacy-policy/	200
471	Flexoffers.com, LLC	https://www.flexoffers.com/privacy-policy/	200
473	Sub2 Technologies Ltd	https://www.sub2tech.com/privacy-policy/	200
475	TAPTAP Digital SL	https://www.taptapdigital.com/privacy-policy	200
479	INFINIA MOBILE S.L.	https://www.infiniamobile.com/avisopolitica.html#pri	200
482	UberMedia, Inc.	https://ubermedia.com/summary-of-privacy-policy/	error
484	SublimeSkinz - Adledge	https://adledge.com/data-privacy/	404
486	Madington	https://delivered-by-madington.com/dat-privacy-policy/	200
488	Opinary GmbH	https://opinary.com/privacy-policy/	200
490	PLAYGROUND XYZ EMEA LTD	https://playground.xyz/privacy	200
491	ShinyStat S.p.a.	https://www.shinystat.com/it/informativa_privacy_generale.html	200
493	Carbon (AI) Limited	https://carbonrmp.com/privacy.html	200
495	Arcspire Limited	https://public.arcspire.io/privacy.pdf	200
496	Automattic Ads	https://automattic.com/privacy/	200
497	Little Big Data sp. z o.o.	https://www.dataexchanger.pl/privacy-policy	200
498	Mediakeys Platform	https://drbanner.com/privacypolicy_en/	200
501	Alliance Gravity Data Media	https://www.alliancegravity.com/politiquedeprotectiondesdonneespersonnelles	200
502	NEXD	https://nexd.com/privacy-policy	200
505	Shopalyst Inc	https://www.shortlyst.com/eu/privacy_terms.html	200
506	Salesforce.com, Inc.	https://www.salesforce.com/company/privacy/	200
507	AdsWizz Inc.	https://www.adswizz.com/our-privacy-policy/	200
508	Lucid Holdings, LLC	https://luc.id/privacy-policy/	200
509	One Tech Group GmbH	https://onetech.group/en/privacy-policy	200
511	Admixer EU GmbH	https://admixer.com/privacy/	200
512	Verve Group Europe GmbH	https://pubnative.net/privacy-notice/	200
516	Pexi B.V.	https://pexi.nl/privacy-policy/	200
517	SunMedia	https://www.sunmedia.tv/en/cookies	200
519	Newsroom AI Ltd	https://studio.nws.ai/privacy	200
520	ChannelSight	https://www.channelsight.com/privacypolicy/	error
521	netzeffekt GmbH	https://www.netzeffekt.de/en/imprint	200
524	The Ozone Project Limited	https://www.ozoneproject.com/website-privacy-cookie	200
527	Jampp LTD	https://jampp.com/privacy.html	200
528	Kayzen	https://kayzen.io/data-privacy-policy	200
530	Near Pte Ltd	https://near.com/privacy-policy/#business-policy	200
531	Smartclip Hispania SL	https://rgpd-smartclip.com/	200
534	SmartyAds Inc.	https://smartyads.com/privacy-policy	200
535	INNITY	https://www.innity.com/privacy-policy.php	200
536	GlobalWebIndex	https://legal.trendstream.net/non-panellist_privacy_policy	200
539	AdDefend GmbH	https://www.addefend.com/en/privacy-policy/	200
541	DeepIntent, Inc.	https://www.deepintent.com/platform-privacy-policy/	200
543	PaperG, Inc. dba Thunder Industries	https://www.makethunder.com/privacy	200
544	Kochava Inc.	https://www.kochava.com/support-privacy/	200
545	Reignn Platform Ltd	https://reignn.com/user-privacy-policy	200
546	Smart Traffik	https://okube-attribution.com/politique-de-confidentialite/	200
547	Reach Media GmbH	https://www.videoreach.com/about/privacy-policy/	200
549	Bandsintown Amplified LLC	https://corp.bandsintown.com/privacy	200
550	Happydemics	https://www.iubenda.com/privacy-policy/93308573/full-legal	200
553	Adhese	https://adhese.com/privacy-and-cookie-policy	200
554	RMSi Radio Marketing Service interactive GmbH	https://www.rms.de/datenschutz/	200
556	adhood.com	https://v3.adhood.com/en/site/politikavekurallar/gizlilik.php?lang=en	200
559	Otto (GmbH &amp; Co KG)	https://www.otto.de/shoppages/service/datenschutz	200
561	AuDigent	https://audigent.com/platform-privacy-policy	200
565	Adobe Audience Manager, Adobe Experience Platform	https://www.adobe.com/privacy/policy.html	200
568	Next Media SRL	https://next14.com/media/privacy	200
569	Kairos Fire	https://www.kairosfire.com/privacy	200
570	Czech Publisher Exchange z.s.p.o.	https://www.cpex.cz/pro-uzivatele/ochrana-soukromi/	200
571	ViewPay	http://viewpay.tv/mentions-legales/	200
573	Dailymotion SA	https://www.dailymotion.com/legal/privacy	200
574	Realeyes OU	https://realview.realeyesit.com/privacy	error
577	The Procter & Gamble Company	https://www.pg.com/privacy/english/privacy_statement.shtml	200
578	MairDumont Netletix GmbH&amp;CoKG	https://www.mairdumont-netletix.com/wer-wir-sind/datenschutzerklaerung/	200
579	Ve Global UK Limited	https://www.optomaton.com/privacy.html	error
580	Goldbach Group AG	https://goldbach.com/ch/de/datenschutz	200
581	Mobilewalla, Inc.	https://www.mobilewalla.com/business-services-privacy-policy	200
584	Dynamic 1001 GmbH	https://dynamic-tracking.com/Datenschutz.aspx	200
587	Localsensor B.V.	https://www.localsensor.com/privacy.html	200
590	Sourcepoint Technologies, Inc. (non-CMP)	https://www.sourcepoint.com/privacy-policy	200
591	Consumable, Inc.	https://consumable.com/privacy-policy.html	200
593	Programatica de publicidad S.L.	https://datmean.com/politica-privacidad/	200
596	InsurAds Technologies SA.	https://www.insurads.com/privacy.html	200
597	Better Banners A/S	https://betterbanners.com/en/privacy	200
598	audio content &amp; control GmbH	https://www.audio-cc.com/audiocc_privacy_policy.pdf	200
599	Maximus Live LLC	https://maximusx.com/privacy-policy/	200
601	WebAds B.V	https://privacy.webads.eu/	200
602	Online Solution	https://adsafety.net/privacy.html	200
606	Impactify	https://impactify.io/privacy-policy/	200
607	ucfunnel Co., Ltd.	https://www.ucfunnel.com/privacy-policy	200
609	Predicio	https://www.predic.io/privacy	error
610	Azerion Holding B.V.	https://azerion.com/business/privacy.html	404
612	Adnami Aps	https://www.adnami.io/privacy-policy-services	200
613	Adserve.zone / Artworx AS	https://adserve.zone/adserveprivacypolicy.html	200
614	Market Resource Partners LLC	https://www.mrpfd.com/privacy-policy/	200
615	Adsolutions BV	https://www.adsolutions.com/privacy-policy/	200
617	Onfocus (Adagio)	https://adagio.io/privacy	200
618	BEINTOO SPA	https://www.beintoo.com/privacy-cookie-policy/	200
620	Blue	https://www.getblue.io/privacy/	200
621	Seznam.cz, a.s.	https://www.seznam.cz/ochranaudaju	200
624	Norstat AS	https://www.norstatpanel.com/en/data-protection	403
625	BILENDI SA	https://www.maximiles.com/privacy-policy	200
626	Hivestack Inc.	https://hivestack.com/privacy-policy	200
628	: Tappx	https://www.tappx.com/en/privacy-policy/	200
630	Contact Impact GmbH	https://contactimpact.de/privacy	200
631	Relay42 Netherlands B.V.	https://relay42.com/privacy	200
638	Passendo Aps	https://passendo.com/users-privacy-policy	200
639	Smile Wanted Group	https://www.smilewanted.com/privacy.php	200
644	Gamoshi Ltd	https://www.gamoshi.com/privacy-policy	200
645	Noster Finance S.L.	https://www.finect.com/terminos-legales/politica-de-cookies	502
646	Notify	https://notify-group.com/en/mentions-legales/	200
647	Axel Springer Teaser Ad GmbH	https://www.adup-tech.com/privacy	200
648	TrueData Solutions, Inc.	https://www.truedata.co/privacy-policy/	200
649	adality GmbH	https://adality.de/en/privacy/	200
650	Telefonica Investigación y Desarrollo S.A.U	https://www.cognitivemarketing.tid.es/privacy.html	200
652	Skaze	https://www.skaze.com/fr/politique/politique-de-confidentialite/	200
653	Smartme Analytics	https://smartmeapp.com/info/smartme/aviso_legal.php	error
654	GRAPHINIUM	https://www.graphinium.com/privacy/	200
655	Sportradar AG	https://www.sportradar.com/about-us/privacy/	200
656	Content Ignite	https://www.contentignite.com/privacy-policy/	404
657	GP One GmbH	https://www.gsi-one.org/de/privacy-policy.html	200
658	BLIINK SAS	https://bliink.io/privacy-policy	200
659	Research and Analysis of Media in Sweden AB	https://www2.rampanel.com/privacy-policy/	200
662	SoundCast	https://soundcast.fm/en/data-privacy	200
663	Mobsuccess	https://www.mobsuccess.com/en/privacy	200
664	adMarketplace, Inc.	https://www.admarketplace.com/privacy-policy/	200
665	Digital East GmbH	https://www.digitaleast.mobi/en/legal/privacy-policy/	200
666	BeOp	https://beop.io/privacy	200
667	Liftoff Mobile, Inc.	https://liftoff.io/privacy-policy/	200
668	WhatRocks Inc.	https://www.whatrocks.co/en/privacy-policy	200
670	Timehop, Inc.	https://www.adsbynimbus.com/privacy-policy	200
671	Mediaforce LTD	https://casino.mindthebet.co.uk/themes/mindthebetv2-casino/privacy.php	200
672	Cedato Technologies Ltd	https://www.cedato.com/privacy-policy/	200
674	Duration Media, LLC.	https://www.durationmedia.net/privacy-policy	200
675	Instreamatic inc.	https://instreamatic.com/privacy-policy/	200
676	BusinessClick	https://www.businessclick.com/documents/Businessclick_Terms_and_Conditions_ENG.pdf	200
678	Axonix LTD	https://axonix.com/privacy-cookie-policy/	200
681	MyTraffic	https://www.mytraffic.io/en/privacy	200
682	Radio Net Media Limited	https://www.adtonos.com/privacy-policy/	200
683	Cookie Market LTD	https://cookie.market/privacyPolicy.php	200
684	Blue Billywig BV	https://www.bluebillywig.com/privacy-statement/	200
685	Arkeero	https://arkeero.com/privacy-2/	200
686	The MediaGrid Inc.	https://www.themediagrid.com/privacy-policy/	200
687	MISSENA	https://missena.com/privacy	200
688	Effinity	https://www.effiliation.com/politique-de-confidentialite/	200
690	Go.pl sp. z o.o.	https://go.pl/polityka-prywatnosci/	200
691	Lifesight Pte. Ltd.	https://www.lifesight.io/privacy-policy/	200
694	SNAPUPP TECHNOLOGIES SL	https://www.enterprise.noddus.com/privacy-policy	200
697	ADWAYS SAS	https://www.adways.com/privacy-policy?lang=en	200
699	HyperTV Inc.	https://www.hypertvx.com/privacy/	200
702	Kwanko	https://www.kwanko.com/fr/rgpd/	200
703	MindTake Research GmbH	https://www.mindtake.com/en/reppublika-privacy-policy	200
706	VRTCAL Markets Inc	https://vrtcal.com/docs/PrivacyPolicy-Advertising.pdf	200
707	Dentsu Italia SpA	https://www.dentsu.com/it/it/policies/info-cookie	200
708	OneFootball GmbH	https://static.onefootball.com/legal/consumer-web-privacy-policy/en	200
709	NC Audience Exchange, LLC (NewsIQ)	https://www.ncaudienceexchange.com/privacy/	200
711	SITU8ED SA	https://www.situ8ed.com/privacy-policy/	200
712	Synkd Ltd.	https://byinspired.com/privacypolicy.pdf	200
713	Dataseat Ltd	https://dataseat.com/privacy-policy	200
714	Upwave Inc.	https://www.upwave.com/privacy-policy/	200
715	BidBerry SRL	https://www.bidberrymedia.com/privacy-policy/	200
716	OnAudience Ltd	https://www.onaudience.com/internet-advertising-privacy-policy	200
717	Audience Network	https://www.en.audiencenetwork.pl/internet-advertising-privacy-policy	error
718	XChange by SFBX®	https://appconsent.io/en/privacy-policy	404
719	Online Advertising Network Sp. z o.o.	https://www.oan.pl/en/privacy-policy	200
720	AAX LLC	https://aax.media/privacy/	403
721	Beaconspark Ltd	https://www.engageya.com/privacy	200
722	agof - daily campaign facts	https://www.agof.de/datenschutz/	200
723	Adzymic Pte Ltd	https://www.adzymic.co/privacy	200
724	Between Exchange	https://en.betweenx.com/pdata.pdf	200
725	Pubfinity LLC	https://pubfinity.com/privacy-policy/	200
726	YouGov	https://yougov.co.uk/about/terms-combined/#/privacy	200
727	Pinpoll GmbH	https://www.pinpoll.com/#data_protection_declaration	200
728	Appier PTE Ltd	https://www.appier.com/privacy-policy/	200
729	Cavai AS & UK	https://cavai.com/privacy-policy/	200
730	INFOnline GmbH	https://www.infonline.de/en/privacy-policy/	200
731	GeistM Technologies LTD	https://geistm.com/en/legal/privacy	200
732	Performax.cz, s.r.o.	https://reg.tiscali.cz/privacy-policy	200
733	Anzu Virtual Reality LTD	https://anzu.io/privacy/	200
734	Cint AB	https://www.cint.com/participant-privacy-notice	200
735	Deutsche Post AG	https://www.deutschepost.de/de/c/consentric/datenschutz.html	404
736	BidMachine Inc.	https://explorestack.com/privacy-policy/	200
737	Monet Engine Inc	https://appmonet.com/privacy-policy/	200
738	adbility media GmbH	https://www.adbility-media.com/datenschutzerklaerung/	200
739	Blingby LLC	https://blingby.com/privacy	200
740	6Sense Insights, Inc.	https://6sense.com/privacy-policy/	200
741	Brand Advance Ltd	https://www.wearebrandadvance.com/privacy-policy/	200
742	Audiencerate LTD	https://www.audiencerate.com/data-ethics-privacy/	200
743	MOVIads Sp. z o.o. Sp. k.	https://moviads.pl/polityka-prywatnosci/	200
744	Vidazoo Ltd	https://vidazoo.gitbook.io/vidazoo-legal/privacy-policy	200
745	Justtag Sp. z o.o.	https://www.justtag.com/POLITYKA_PRYWATNOSCI.pdf	200
746	Adxperience SAS	https://adxperience.com/privacy-policy/	200
747	Kairion GmbH	https://kairion.de/datenschutzbestimmungen/	200
748	AUDIOMOB LTD	https://www.audiomob.io/privacy	200
749	Good-Loop Ltd	https://doc.good-loop.com/policy/privacy-policy.html	200
750	THE NEWCO S.R.L.	https://www.thenewco.it/privacy_policy_servizi_prodotti.html	200
751	Kiosked Ltd	https://kiosked.com/privacy-policy/	200
753	ScaleMonk Inc.	https://www.scalemonk.com/privacy-policy/index.html	200
754	DistroScale, Inc.	https://www.distroscale.com/privacy-policy/	200
755	Google Advertising Products	https://policies.google.com/privacy	200
756	Fandom, Inc.	https://www.fandom.com/privacy-policy	200
757	UAB Meazy	https://meazy.co/privacy-policy	200
758	GfK SE	https://help.sensic.net/privacypolicy_en.html	200
759	RevJet	https://www.revjet.com/privacy	200
760	VEXPRO TECHNOLOGIES LTD	https://onedash.com/privacy-policy.html	200
761	Digiseg ApS	https://digiseg.io/privacy-center/	200
762	Protected Media LTD	https://www.protected.media/privacy-policy/	200
763	Delidatax SL	https://www.delidatax.net/privacy.htm	error
764	Lucidity	https://golucidity.com/privacy-policy/	200
765	Grabit Interactive Media Inc dba KERV Interctive	https://kervit.com/privacy-policy/	200
766	ADCELL | Firstlead GmbH	https://www.adcell.de/agb#sector_6	200
767	Clinch Labs LTD	https://clinch.co/privacy-policy	200
768	Global Media Group Services Limited	https://global.com/privacy-policy/	200
769	MEDIAMETRIE	https://www.mediametrie.fr/fr/gestion-des-cookies	200
770	MARKETPERF CORP	https://www.marketperf.com/assets/images/app/marketperf/pdf/privacy-policy.pdf	200
771	bam! interactive marketing GmbH	https://bam-interactive.de/datenschutz/	200
772	Oracle Data Cloud - Moat	https://www.oracle.com/legal/privacy/services-privacy-policy.html	200
773	360e-com Sp. z o.o.	https://www.clickonometrics.com/optout/	200
774	Wagawin GmbH	https://www.wagawin.com/privacy-en/#productprivacy	200
775	SelectMedia International LTD	https://www.selectmedia.asia/terms-and-privacy/	200
776	Mars Media Group	https://pay-per-leads.com/terms	200
777	One Planet Only	https://oneplanetonly.com/files/PRIVACY%20POLICY.pdf	error
778	Discover-Tech ltd	https://discover-tech.io/dsp-privacy-policy/	200
779	Adtarget Medya A.S.	https://adtarget.com.tr/adtarget-privacy-policy-2020.pdf	200
780	Aniview LTD	https://www.aniview.com/privacy-policy/	200
781	FeedAd GmbH	https://feedad.com/privacy/	200
782	AirGrid LTD	https://airgid.io/privacy-policy	200
783	Audienzz AG	https://audienzz.ch/wp-content/uploads/2020/03/AGB_audienzz_2020.pdf	200
784	Nubo LTD	https://api.recod3suite.com/privacypolicy.php	200
785	agof studies	https://www.agof.de/datenschutz/	200
786	TargetVideo GmbH	https://www.target-video.com/datenschutz/	200
787	Resolution Media München GmbH	https://www.nonstoppartner.net	200
788	Ad Alliance GmbH	https://www.ad-alliance.de/datenschutz/	200
789	IP Deutschland GmbH	https://www.ip.de/lp/impressum/datenschutz.cfm	404
790	AdGear Technologies, Inc.	https://adgear.com/en/privacy	200
791	Media Square	https://www.mediasquare.fr/e-privacy/	200
792	BritePool Inc	https://britepool.com/gdpr-privacy-notice	200
793	Amazon Advertising	https://www.amazon.co.uk/gp/help/customer/display.html?nodeId=201909010	405
794	Kubient Inc.	https://kubient.com/privacy-policy/	200
795	Factor Eleven GmbH	https://www.factor-eleven.de/datenschutz/	200
796	EASY Marketing GmbH	https://easy-m.de/	200
797	Artefact Deutschland GmbH	https://aaa.artefact.com/privacy-policy.do	200
798	Adverticum cPlc.	https://adverticum.net/english/privacy-and-data-processing-information/	200
799	Adpone SL	https://www.adpone.com/privacy-policy/	200
800	Reppublika- The Research Toolbox GmbH	https://www.reppublika.com/privacy-policy	200
801	Bannernow, Inc.	https://bannernow.com/privacy	200
802	NOW GmbH	https://static.now-services.de/privacy/index.html	200
803	Click Tech Limited	https://en.yeahmobi.com/html/privacypolicy/	200
804	LinkedIn Ireland Unlimited Company	https://www.linkedin.com/legal/privacy-policy	200
805	LEESTEN INC	https://www.leesten.io/privacy-policy	200
806	Aarki, Inc.	https://corp.aarki.com/privacy	200
807	Moloco, Inc.	https://www.molocoads.com/privacy-policy	200
808	Pure Local Media GmbH	https://purelocalmedia.de/?page_id=593	200
809	adnanny.com SLU	https://adnanny.com/en/privacy/	200
810	lead alliance GmbH	https://www.lead-alliance.net/dataprotection2	200
811	iPROM	https://iprom.eu/privacy_policy/GDPR	200
812	Nielsen International SA	https://www.nielsen.com/eu/en/legal/privacy-statement/digital-measurement/	200
813	Adjust GmbH	https://www.adjust.com/terms/privacy-policy/	200
814	Eskimi	https://www.eskimi.com/privacy-policy	200
815	Blockthrough, Inc.	https://blockthrough.com/privacy-policy/	200
816	NoBid, Inc.	https://www.nobid.io/privacy-policy/	200
817	Miaozhen Information Technology Co. Ltd	https://www.miaozhen.com/en/privacy	200
818	ZEDO Inc.	https://www.zedo.com/about-zedo/privacy-policy-december-2019/	error
819	retailAds GmbH &amp; Co. KG	https://www.retailads.net/ueberuns/datenschutz/	200
820	Kameleoon SAS	https://developers.kameleoon.com/local-storage.html#list-of-collected-data	200
821	vitrado GmbH	https://www.vitrado.de/datenschutz	200
822	Adverty AB (publ)	https://adverty.com/privacy-policy/	200
823	G+J Electronic Media Sales GmbH	https://www.gujmedia.de/service/privacy/	200
824	42 Ads GmbH	https://42ads.io/42privacy.pdf	200
825	EDGE NPD Sp. z o.o.	https://abtshield.com/privacy-policy/	200
826	DNA-I.COM	https://www.adn.ai/fr/politique-confidentialite-adserver	200
827	Adtriba GmbH	https://privacy.adtriba.com/	200
828	TX Group AG	https://tx.group/de/rechtliche-hinweise	200
829	Unilever Polska sp. z o.o.	https://www.unilevernotices.com/poland/polish/privacy-notice/notice.html	200
830	Acxiom	https://www.acxiom.com/about-us/privacy/	200
831	United Internet Media GmbH	https://www.united-internet-media.de/de/datenschutzhinweis/	200
832	Objective Partners BV	https://www.objectiveplatform.com/cookie-policy-and-privacy-statement/	200
833	Disqus	https://help.disqus.com/en/articles/1717103-disqus-privacy-policy	200
834	ADRENALEAD	https://adrenalead.com/politique-de-protection-des-donnees/	200
835	Quality Media Network GmbH	https://qualitymedianetwork.de/datenschutz/	200
836	Bring! Labs AG	https://getbring.com/en/legal/privacy.html	200
837	Trinity Audio	https://trinityaudio.ai/privacy-policy/	200
838	Jetpack Digital LLC	https://jetpack.net/privacy	error
839	PixFuture Media Inc.	https://www.pixfuture.com/data-processing-agreement/	200
840	Cazamba Serviços de Internet Ltda	https://cazamba.com/platform-privacy/	error
841	Adtube AS	https://api.adtube.no/resources/docs/privacy_policy_AppConnect.pdf	error
842	PubWise, LLLP	https://admin.pubwise.io/publisher/privacypolicy	200
843	LeadsRx, Inc.	https://leadsrx.com/privacy	200
844	SPICY MOBILE Sp z o.o. Sp.k.	https://spicymobile.pl/polityka-prywatnosci	404
845	GeoEdge	https://www.geoedge.com/privacy-policy/	200
846	M,P,NEWMEDIA, GmbH	https://www.mp-newmedia.com/datenschutz	200
847	Crowdy News Ltd	https://www.crowdynews.com/privacy-policy/	200
848	BSmartData GmbH	https://www.bsmartdata.com/en/privacy/	200
849	Epom Ltd.	https://epom.com/privacy-policy	200
850	Publisher First, Inc.	https://freestar.com/data-policy/	200
851	Strossle International AB	https://www.strossle.com/privacy-policy	200
852	diva-e products	https://www.intelliad.de/datenschutzerklaerung/	200
853	Ensighten	https://www.ensighten.com/privacy-policy/	200
854	eMarketingSolutions, Online Marketing S.L.	https://emarketingsolutions.es/privacy-policy	200
855	Adnuntius AS	https://adnuntius.com/resources/privacy-policy/	200
856	HUAWEI Ads	https://consumer.huawei.com/minisite/cloudservice/ads/privacy-statement.htm?country=EU&language=en-eu	200
857	SOMQUERY SOMTAG - (SevenOne Media)	https://www.sevenonemedia.de/datenerhebung-anderer-dienstleister	200
858	Mediavine, Inc.	https://www.mediavine.com/privacy-policy	200
859	AdQuiver Media SL	https://adquiver.com/privacidad/	200
860	Publica LLC	https://getpublica.com/privacy/	200
861	Triple13 Ltd	https://www.triple13.io/privacy-policy	200
862	Truvid Inc.	https://www.truvid.com/terms/privacy_policy	200
863	respondi AG	https://www.respondi.com/EN/privacy	200
864	I.R.V. D.O.O.	https://www.contentexchange.me/privacy-policy/	200
865	HEIMSPIEL Medien GmbH & Co KG	https://www.heimspiel.de/privacy-policy-iab-vendor/	200
866	YieldLift LLC	https://yieldlift.com/privacy-policy.html	200
867	Mintegral international limited	https://www.mintegral.com/en/privacy/	200
868	Converto AG	https://www.converto.com/datenschutz-privacy-policy	200
869	Brave People Ltd.	https://thebrave.io/private-policy	200
870	Webgains GmbH	https://www.webgains.com/public/de/datenschutzerklaerung/	200
871	Ingenious Technologies AG	https://www.ingenioustechnologies.com/privacy-policy	200
872	IVO Media Ltd	https://www.ivo.io/privacy/	200
873	Impact+	https://impact-plus.fr/en/privacy-policy/	200
874	PRECISO SRL	https://preciso.net/privacy/	200
875	cynapsis interactive GmbH	https://cynapsis.de/impressum/index.html#datenschutz_d	200
876	3Q nexx GmbH	https://3q.video/de/datenschutz_und_richtlinien	200
877	Experian Limited	https://www.experian.co.uk/privacy/consumer-information-portal/	504
878	Natív Hirdetés Korlátolt Felelősségű Társaság	https://related.hu/adatkezeles/	200
879	Vidstart LTD	https://www.vidstart.com/wp-content/uploads/2018/09/PrivacyPolicyPDF-Vidstart.pdf	200
880	Quantyoo GmbH &amp; Co. KG	https://quantyoo.de/datenschutz	200
881	Hillside (Sports) GP Limited	https://www.bet365affiliates.com/UI/Pages/Affiliates/Affiliates.aspx?ContentPath=%2fAffiliates%2fv2_Root%2finformationPages%2fPrivacyPolicy	200
882	NumberEight Technologies Ltd	https://www.numbereight.ai/privacy	200
883	Online Media Solutions LTD (BDA: Brightcom)	https://www.brightcom.com/privacy-policy/	error
884	Listonic Sp. z o.o.	https://listonic.com/privacy/	200
885	Dianomi PLC	https://www.dianomi.com/legal/privacy.epl	200
886	Remixd Media, Inc.	https://www.remixd.com/privacy_policy.html	200
887	Prebid.org	https://docs.prebid.org/privacy.html	200
888	GADSME	https://www.gadsme.com/privacy-policy/	200
889	Admo.tv (Clickon)	https://www.admo.tv/en/privacy-policy	200
890	Channel Pilot Solutions GmbH	https://channelpilot.co.uk/privacy-policy	200
891	ANINPRO-CREATIVE, S.L.	https://bealion.com/politica-de-cookies	200
892	GeoProve	https://www.geoprove.io/?page_id=222	200
893	TIMEONE PERFORMANCE	https://privacy.timeonegroup.com	200
894	Threedium	https://threedium.co.uk/privacy	200
895	Maiden Marketing Pte Ltd	https://www.pokkt.com/privacy	200
896	IPSOS MORI UK LTD	https://iris.ipsos.com/site-centric-privacy/	200
897	Fido S.r.l	https://www.fido.id/privacy/	200
898	Mobkoi Ltd	https://www.mobkoi.com/Ad-Platform-Privacy-Policy.pdf	200
899	digidip GmbH	https://digidip.net/privacy-policy	200
900	Advisible AB	https://www.advisible.com/privacy	200
901	STUDIO GONG GmbH & Co. Studiobetriebs KG	https://www.studio-gong.de/datenschutz.html	200
902	adQuery	https://policy.openmobi.pl/	200
903	Placense Ltd	https://www.placense.com/privacy-notice	200
905	CAKE Software, Inc.	https://getcake.com/privacy-policy/	200
906	Addrelevance	https://addrelevance.be/cookie-statement-2/	200
907	AWIN AG	https://www.awin.com/gb/privacy	200
908	Zoomd Ltd.	https://zoomd.com/privacy-policy/	200
909	MobileFuse LLC	https://mobilefuse.com/privacy-policy/	200
910	Insticator, Inc.	https://www.insticator.com/privacy/	200
911	Redbranch, Inc dba Fraudlogix	https://www.fraudlogix.com/privacy-policy/	200
912	Squared SAS	https://qwarry.com/imprint/	404
913	Clever Advertising, Lda.	https://cleveradvertising.com/privacy	200
914	Paypersale.ru	https://paypersale.ru/index/privacy#about	200
915	Opti Digital SAS	https://www.optidigital.com/privacy-policy/	200
916	Sirdata Cookieless	https://www.sirdata.com/en/Privacy	200
917	Spotible	https://www.spotible.com/privacy.php	200
918	SPORTORITY UK LTD	https://www.minutemedia.com/privacy-policy	200
919	Livewrapped AB	https://livewrapped.com/privacy-policy	200
920	Bertelsmann Data Service GmbH	https://www.bertelsmann.de/meta/datenschutz/	200
921	Imonomy	https://imonomy.com/privacy-policy	200
922	Amnet GmbH	https://mediaintelligence.de/privacy-policy.do	200
923	Fiducia DLT Limited	https://www.fiducia.eco/privacy	200
924	Viewdeos 2015 LTD	https://www.viewdeos.com/privacy-policy	200
925	Alphalyr SAS	https://alphalyr.fr/en/privacy-policy/	304
926	ZAM Network LLC dba Fanbyte	https://corp.fanbyte.com/legal/privacy	200
927	Silverbullet Data Services Group	https://wearesilverbullet.com/privacy-policy/	200
928	Parrable, Inc.	https://www.parrable.com/privacy-policy/	200
929	eBay Inc	https://www.ebayinc.com/company/privacy-center/gdpr/	200
930	IQM CORPORATION	https://iqm.com/privacy-policy	200
931	Traffective GmbH	https://www.iubenda.com/privacy-policy/30563919	200
932	Unmatched Solutions Limited	https://app.torchad.com/advertiser/privacy	200
933	Hindsight Technology Solutions, Inc.	https://hindsightsolutions.net/terms-of-service/	200
934	Brid Video DOO	https://cms.brid.tv/pages/view/privacy	200
935	INIS sp. zo.o.	https://www.inis.pl/polityka-prywatnosci	200
936	Digital Squad	https://www.squadata.net/en/private-policy/	200
937	SoD ScreenOnDemand GmbH	https://screenondemand.de/datenschutzerklaerung/	200
938	dataXtrade GmbH	https://dataxtrade.com/de/privacy.html	200
940	Terminus Software Inc.	https://terminus.com/privacy-policy/	200
941	ADSOCY	https://adsocy.com/politica-de-privacidad-y-aviso-legal/	200
942	JS Web Production	https://jswebproduction.com/vie-privee.php	200
943	Marfeel Solutions, SL (Compass)	https://www.marfeel.com/docs/compass/privacy/policy/	200
944	AudienceRun corp	https://www.audiencerun.com/privacy-policy	200
945	jsdelivr.com	https://www.jsdelivr.com/terms/privacy-policy-jsdelivr-net	200
946	belboon GmbH	https://belboon.com/en/privacy/	200
947	Powerspace	https://powerspace.com/fr/privacy/	200
948	1Agency	https://www.1agency.de/datenschutz	200
949	SMARTLINE SYSTEMS	https://www.getquanty.com/mentions-legales/	200
950	Stream Eye OOD	https://app.streameye.com/policy/net	200
951	Spoods GmbH	https://www.spoods.info/#gdpr	200
952	ProSiebenSat.1 Digital Data GmbH	https://7pass.de/datenschutzbestimmungen.html	200
953	adbalancer Werbeagentur GmbH	https://www.adbalancer.com/datenschutz	200
954	Caroda s.r.o.	https://www.caroda.io/privacy-statement	200
955	Konodrac S.L.	https://konodrac.com/politica-privacidad/	200
956	Avantis Video Ltd	https://www.avantisvideo.com/privacy-policy/	200
957	Evolution Technologies Inc.	https://e-volution.ai/privacy-policy-3/	200
958	Clipr	https://www.clipr.co/privacy-terms	200
959	adWMG	https://adwmg.com/privacy-policy/	200
960	appTV Ltd.	https://www.apptv.com/privacy-policy	200
961	PML Innovative Media	https://www.pmlatam.com/privacy-policy	200
962	Tangoo Srl	https://www.tangoomedia.com/website_privacypolicy	200
963	CIBLECLIC	https://uzerly.fr/terms-and-conditions/	200
964	Solution coupons	https://solution.coupons/privacy	200
965	Nexx360	https://www.nexx360.io/en/940-2/	200
966	socoto gmbh & co. kg	https://www.socoto.com/datenschutz/	200
967	glomex GmbH	https://www.glomex.com/en/privacy-policy/privacy-notice-for-the-glomex-player/	200
968	WEMASS MEDIA AUDIENCE SAFE SOLUTIONS, S.L.	https://wemass.com/privacidad/	200
969	SmartFrame Technologies	https://smartframe.io/privacy-policy/	200
970	Frameplay Corporation	https://www.frameplay.gg/terms	200
971	Goodeed	https://www.goodeed.com/knowmore/privacypolicy	200
972	Kargo Global Inc.	https://kargo.com/privacy	200
973	Cluep LLC	https://cluep.com/privacy	200
974	SpearAd GmbH	https://www.spearad.com/note1	404
975	Playrcart Limited	https://www.playrcart.com/privacy-policy/	200
976	Pelmorex Corp.	https://www.eltiempo.com/politica-privacidad	200
977	Sparklit Networks Inc	https://www.adbutler.com/agreements.spark?agreement=privacy	200
978	ARKHEUS	https://www.arkheus.fr/mentions-legales/	200
979	Mediascore mbH	https://mediascore.de/datenschutz	200
980	WAM Group Ltd, t/a Admix	https://admixplay.com/privacypolicy/	200
981	AREIA (ADLOOP)	https://adloop.co/en/privacy-policy/	200
982	Netpoint Media GmbH	https://www.netpoint-media.de/technik/datenschutz	200
983	Axiom Media Connect	https://axiommedia.co/useful-info/axiom-media-limited-privacy-policy/	200
984	Pulse Innovations Limited	https://www.pulselive.com/privacy-policy	200
985	TV SQUARED LIMITED	https://tvsquared.com/privacy-policy	200
986	BYTEDANCE PTE. LTD.	https://www.pangleglobal.com/privacy	200
987	Media16 ltd	https://media16.tv/privacy-policy/	200
988	Habu	https://habu.com/privacy-policy	200
989	SPEAKOL DMCC	https://speakol.com/terms-of-use	404
990	QuantumCast digital GmbH	https://www.quantumcast-digital.com/privacy-policy	200
991	iProspect GmbH	https://inetpro.io/privacy-policyeng.do	200
992	Rapid Performance GmbH	https://www.gratisbasar.de/privacy-policy	200
993	QUARTER MEDIA GmbH	https://quartermedia.de/daten/	200
994	Leadoo Marketing Technologies Ltd	https://leadoo.com/privacy-policy/	200
995	Hashtag Labs Inc.	https://hashtag-labs.com/privacy-policy.html	200
996	CMI Marketing, Inc. d/b/a CafeMedia	https://cafemedia.com/publisher-advertising-privacy-policy/	200
997	EXOCLICK, S.L.	https://www.exoclick.com/privacy-and-cookies-policy/	200
998	Luna Media Group LLC	https://lunamedia.io/privacy-policy/	200
999	ADSTOURS SAS	https://www.clickintext.com/about/charte-rgpd.php	200
1000	NETILUM (AFFILAE)	https://affilae.com/en/privacy-cookie-policy	200
1001	wetter.com GmbH	https://www.wetter.com/internal/news/datenschutzhinweise_aid_607698849b8ecf79e21584fa.html	200
1002	Extreme Reach, Inc	https://extremereach.com/privacy-policies/	200
1003	Mobility-Ads GmbH	https://mobility-ads.de/datenschutz/	200
1004	VUUKLE DMCC	https://docs.vuukle.com/privacy-and-policy/	200
1005	Somplo Ltd	https://somplo.com/privacy-policy/	200
1006	Onesoon Limited t/a Adalyser	https://adalyser.com/en/terms	200
1007	Ketchup Adv Spa	https://www.rematch.tech/cookiepolicy/	200
1008	Aptivio Inc	https://aptiv.io/privacy-policy	200
1009	VLYBY Digital GmbH	https://www.vlyby.com/product-privacy	200
1010	Persona.ly	https://persona.ly/privacy_dsp	200
1011	Videobyte Inc	https://videobyte.com/privacy.html	200
1012	Glimpse Protocol Limited	https://glimpseprotocol.io/privacy-policy/	200
1013	Velocity Made Good LLC	https://vmg.nyc/privacy	200
1014	Octaive Ltd.	https://www.octaive.com/privacy	200
1015	Samsung Ads	https://policy.samsungrs.com/consent/eu/privacy_policy_en.html	200
1016	FUNKE Digital GmbH	https://funkedigital.de/datenschutzerklaerung/	200
1017	giosg.com Oy	https://www.giosg.com/privacy-policy	200
1018	MUSO TNT LIMITED	https://www.muso.com/policies/privacy-policy	200
1019	Adelaide Metrics Inc	https://adelaidelift.com/privacy	200
1020	Baidu USA	https://www.mediago.io/policy/	200
1021	Ringier Axel Springer Polska sp. z o.o.	https://polityka-prywatnosci.onet.pl/	200
1022	AdView	https://www.adview.com/policy/privacy	200
1023	RDandX Group DMCC	https://www.rdandx.com/privacy-policy	200
1024	THE LINEA 1 MKT SL	https://www.tl1mkt.com/privacy.html	200
1025	Realytics	https://www.realytics.io/platform-privacy-policy/	200
1026	crossvertise GmbH	https://www.crossvertise.com/rechtliches/datenschutz	200
1027	Exit Bee Limited	https://www.exitbee.com/privacy/	200
1028	BRICKS	https://www.bricks-co.com/confidentialite	200
1029	Dentsu Denmark A/S	https://www.dentsu.com/dk/dk/privatlivspolitik	200
1030	Skoiy	https://www.skoiy.com/en/privacy-policy/	200
1031	Havas Media (Artemis Alliance S.L.U.)	https://havasmediagroup.com/data-protection-policy/	200
1032	Project Agora Ltd	https://projectagora.com/privacy-policy/project-agora-platform/	200
1033	Adlane LTD	https://adlane.info/privacy-policy/	200
1034	ONEcount	https://www.one-count.com/about/privacy-policy-terms/	200
1035	Allegro.pl	https://allegro.pl/terms/attachment/5	403
1036	VIADS ADVERTISING S.L.	https://viads.com/privacy-policy	200
1037	Pressboard Media Inc	https://www.pressboardmedia.com/privacy-policy	200
1038	AA INTERNET-MEDIA Ltd	https://recreativ.com/policy	200
1039	Sonic Odeeo ltd	https://odeeo.io/privacy-policy/	200
1040	UniCredit S.p.A.	https://www.unicredit.it/it/info/informativa-cookies.html	403
1041	Sqreem Technologies Private Limited	https://sqreemtech.com/privacy/	200
1042	Mars Inc.	https://www.mars.com/privacy	403
1043	TypeA Holdings Ltd	https://risecodes.com/privacy	200
1044	TMT Digital Inc	https://mediatrust.com/privacy-statement/	200
1045	Resono B.V.	https://reso.no/privacy-policy/	200
1046	Longtail Ad Solutions, Inc dba JW Player	https://www.jwplayer.com/privacy/	200
1047	Viznet	https://viznet.tv/privacy-policy/	200
1048	Questpass Sp. z o.o.	https://questpass.pl/pl/regulaminy/polityka-prywatnosci/	200
1049	OnProspects Ltd	https://onprospects.com/privacy-policy	200
1050	Hurra Communications GmbH	https://privacy.hurra.com/tcf/	200
1051	Samoukale Enterprises Limited dba ADEX	https://adex.com/privacy	200
1052	Kertil Iberia SL	http://www.audio.ad/privacy.html	200
1053	zillian sa	https://www.flexserve.ch/privacy/	200
1054	Adsonica	https://adsonica.com/privacy.html	200
1055	Gamesight Inc	https://console.gamesight.io/privacy-policy	200
1056	VOLPI IMMOBILIER	https://maline-immobilier.fr/confidentialite	200
1057	Ströer Digital Media GmbH	https://www.stroeer.de/werben-mit-stroeer/onlinewerbung/programmatic-data/sdi-datenschutz-b2c	200
1058	ArtChaos s.r.o.	https://silvermob.com/privacy	200
1059	Query Click Limited	https://www.queryclick.com/privacy-policy	200
1060	Next Millennium Media INC	https://nextmillennium.io/privacy-policy/	200
1061	onlineumfragen.com GmbH	https://www.onlineumfragen.com/3index_2010_agb.cfm	200
1062	Evorra Ltd	https://evorra.com/product-privacy-policy/	200
1063	Doceree UK Limited	https://doceree.com/us-privacy-policy/	200
1064	optimise-it GmbH	https://optimise-it.de/datenschutz	200
1065	Botman Networks (P) Ltd	https://www.botman.ninja/privacy-policy	200
1066	Yandex	https://yandex.com/legal/confidential	200
1067	Arpeely Ltd.	https://arpeely.com/yourprivacy.html	404
1068	Italiaonline S.p.A.	https://www.italiaonline.it/corporate/informativa-privacy/	200
1069	BCOVERY SAS	https://www.bcovery.com/politique-de-confidentialite/	200
1070	Playhill Limited	https://playhill.com/privacy/	200
1071	Adventure Media	https://www.ad360.media/privacy.html	200
1072	Adrino Mobile Sp. z o.o.	https://adrino.pl/wp-content/uploads/2021/01/POLITYKA-PRYWATNOS%CC%81CI-Adrino-Mobile.pdf	200
1073	Audiencevalue Pte Ltd	https://www.audiencevalue.com/legal.php	200
1074	Natexo Spain	https://programmatic.natexo.com/public/policy	200
1075	dpa-infocom GmbH	https://service.dpa-infocom.de/de/support/solutions/articles/76000035377-informationen-zum-datenschutz-f%C3%BCr-die-user-unserer-kunden	200
1076	Snigel Web Services Limited	https://www.snigel.com/privacy-policy	200
1077	INBEV BELGIUM SRL	https://www.ab-inbev.com/privacy-policy/	200
1078	umlaut communication gmbh	https://tacs.c0nnectthed0ts.com/policy1/data_privacy.html	200
1079	PREQUEL INTERNET TRADING LTD.	https://www.prequel.tv/terms-and-conditions	200
1080	CITISERVI EUROPE, S.L.	https://www.citiservimedia.com/politica-de-privacidad-plataforma-citiservimedia/	200
1081	C WIRE AG	https://www.cwire.ch/company/privacy-policy	200
1082	Watch Fantom Inc. AKA CatapultX	https://www.catapultx.com/privacy-policy	200
1083	Seven Technologies S.L.	https://se7en.es/private-policy	200
1084	EXADS	https://www.exads.com/privacy-policy	200
1085	Njuice AB	https://squidapp.co/en/privacy-policy.php	200
1086	Hyper LLC	https://hyperad.tech/privacy_policy/	200
1087	CASTOOLA D.O.O.	https://castoola.com/wp-content/uploads/2022/01/castoola_pp_06.01.2022.pdf	200
1088	Adomik	https://platform.adomik.com/assets/Adomik-Platform-Privacy-policy.pdf	200
1089	Teavaro	https://www.teavaro.com/privacy-policy/	200
1090	Score Media Group GmbH & Co. KG	https://score-media.de/datenschutzerklaerung/	200
1091	Octave IP Limited	https://octaveip.com/privacy/	200
1092	Telefonica Audiovisual Digital S.L	https://www.cognitivemarketing.tid.es/privacy.html	200
1093	Salestring ApS	https://salestring.com/vilkaar-og-betingelser/	200
1094	ADMAX	https://admaxmedia.io/privacy-policy/	200
1095	Telefonica de España S.A.U	https://www.cognitivemarketing.tid.es/privacy.html	200
1096	Telefonica Moviles España S.A.U	https://www.cognitivemarketing.tid.es/privacy.html	200
1097	Ein Rad AB	https://www.suntcontent.com/privacy/	200
1098	ACTV8, Inc.	https://app.box.com/s/y2g3p7gcfci511wg5gvknfk271anz4wg	404
1099	Unacast Inc.	https://www.unacast.com/privacy	200
